{
    "html": {
        "label": {
            "displayName": "Global" ,
            "states": {
                "Normal": {
                	"elements":{ 
                     	"$root": [ 
							"$std_10"
                 		]
                    },
                    "selectors": {
                        ".claro": [
                            "$std_10" 
                        ] 
                    },
                    "query": "" 
                } 
            } 
        },
         "button": {
            "displayName": "Button" ,
            "states": {
                "Normal": {
                	"elements":{ 
                     	"$root": [ 
							"$std_10"
                 		]
                    },
                    "selectors": {
                        ".claro button": [
                            "$std_10" 
                        ] 
                    },
                    "query": "" 
                },
                "Hover": {
                	"elements":{ 
                     	"$root": [ 
							"$std_10"
                 		]
                    },
                    "selectors": {
                        ".claro button:hover": [
                            "$std_10" 
                        ] 
                    },
                    "query": "button"
                }  
            } 
        } 
    },
    "dijit": {
        "$all":{
			"displayName": "All widgets", 
			"states": {
				"Normal": {
					"selectors": {
						".claro .globalWidget .dijitTabContainerDefault": [
							"border-color",
							"background-color"
						],
						".claro .dijitCalendar" : [
							"border-color",
							"background-color"
                        ],
                        ".claro .dijitCalendar .dijitDropDownButton .dijitButtonNode" : [
							"border-color",
                        ],
                        ".claro .dijitTab": [
							"border-color"
						],
						".claro .dijitTabPaneWrapper, .claro .dijitTabContainerTop-tabs, .claro .dijitTabContainerBottom-tabs, .claro .dijitTabContainerLeft-tabs, .claro .dijitTabContainerRight-tabs": [
							"border-color"
						],
						".claro .globalWidget .dijitTabContent": [
							"border-color"
						],
						".claro .globalWidget .dijitTabPaneWrapper": [
							"border-color"
						],
						".claro .dijitButton .dijitButtonNode, .claro .dijitDropDownButton .dijitButtonNode, .claro .dijitComboButton .dijitButtonNode, .claro .dijitToggleButton .dijitButtonNode" : [
							"background-color",
							"border-color"
						],
						".claro .dijitAccordionInnerContainer": [
							"border-color"
						],
						".claro .dijitAccordionContainer .dijitAccordionChildWrapper": [
							"border-color" 
						], 
						".dijitTitlePane": [
							"border-color"
						],
						".claro .dijitTitlePaneTitle": [
							"border-color"
						],
						".claro .dijitTitlePaneContentOuter": [
							"border-color"
						],
						".claro .dijitBorderContainer": [
							"border-color"
						],
						".claro .dijitSplitContainer-child, .claro .dijitBorderContainer-child": [
							"border-color"
						],
						".claro .dijitMenu": [
							"border-color"
						],
						".claro .dijitMenuSeparatorTop": [
							"border-bottom-color"
						],
						".claro .dijitTooltipContainer": [
							"border-color"
						],
						".claro .dijitDialog": [
							"border-color"
						],
						".claro .dijitDialogTitleBar": [
							"background-color"
						],
						".claro .dijitDialogPaneContent": [
                            "border-top-color"
						]
					
					},
					"query": "div.dijitTabContainerTop-tabs > div",
					"simulate": "dijitChecked dijitTabChecked",
					"defaults": {
						"cssPropery": {
							"background-color": "#D4EBFF",
							"border-color":  "#b5bcc7"
						}
					}
			
				},
				"Active": {
					"selectors": {
						".claro .globalWidget .dijitTabActive": [
							"background-color",
							"border-color"
						],
						".claro .dijitTabActive": [
							"background-color",
							"border-color"
						],
						".claro .dijitAccordionInnerContainerActive": [
                    		"border-color",
							"background-color"
                    	],
						".claro .dijitSplitterHActive, .claro .dijitSplitterVActive": [
							"background-color"
						],
						".claro .dijitButtonActive .dijitButtonNode, .claro .dijitDropDownButtonActive .dijitButtonNode, .claro .dijitComboButtonActive .dijitButtonNode, .claro .dijitToggleButtonActive .dijitButtonNode, .claro .dijitToggleButtonChecked .dijitButtonNode" : [
							"border-color",
							"background-color"
						],
						".claro .dijitTitlePaneTitleActive": [
							"background-color",
							"border-color"
						],
						".claro .dijitToolbar .dijitButtonActive .dijitButtonNode, .claro .dijitToolbar .dijitDropDownButtonActive .dijitButtonNode, .claro .dijitToolbar .dijitToggleButtonActive .dijitButtonNode": [
							"background-color",
							"border-color"
						] 
					},
					"defaults": {
						"cssPropery": {
							"background-color": "#8bc4f9",
							"border-color":  "#769dc0"
						}
					}
				},
				"Checked": {
					"selectors": {
						".claro .globalWidget .dijitTabChecked" : [
							"background-color",
							"border-color" 
						],
						".claro .dijitTabChecked" : [
							"background-color",
							"border-color" 
						]
						
					},
					"defaults": {
						"cssPropery": {
							"background-color": "#b2d4f3",
							"border-color":  "#769dc0"
						}
					}
				},
				"Hover": {
					"selectors": {
						".claro .dijitCalendarHover, .claro .dijitCalendarActive, .claro .dijitCalendar:hover" : [
                            "background-color",
							"border-color"
                        ],
						".claro .globalWidget .dijitTabHover" : [
							"background-color",
							"border-color"
						],
						".claro .dijitTabHover" : [
							"background-color",
							"border-color"
						],
						".claro .dijitButtonHover .dijitButtonNode, .claro .dijitDropDownButtonHover .dijitButtonNode, .claro .dijitComboButton .dijitButtonNodeHover, .claro .dijitComboButton .dijitDownArrowButtonHover, .claro .dijitToggleButtonHover .dijitButtonNode" : [
							"background-color",
							"border-color"
						],
						".claro .dijitAccordionInnerContainerHover, .claro .dijitAccordionInnerContainerSelectedActive": [
						    "border-color",
							"background-color"
						],
						".claro .dijitAccordionInnerContainerSelectedHover .dijitAccordionChildWrapper, .claro .dijitAccordionInnerContainerSelectedActive .dijitAccordionChildWrapper": [
						    "border-color",
							"background-color"
						],
						".claro .dijitTitlePaneTitleHover" : [
                            "background-color",
							"border-color"
                        ],
						".claro .dijitToolbar .dijitButtonHover .dijitButtonNode, .claro .dijitToolbar .dijitDropDownButtonHover .dijitButtonNode, .claro .dijitToolbar .dijitToggleButtonHover .dijitButtonNode, .claro .dijitToolbar .dijitComboButtonHover .dijitButtonNode" : [
                            "background-color",
							"border-color"
                        ],
                        ".claro .dijitSplitterHHover, .claro .dijitSplitterVHover": [
							"background-color"
						],
						".claro .dijitSplitterVHover .dijitSplitterThumb": [
							"background-color"
						],
						".claro .dijitSplitterHHover .dijitSplitterThumb": [
							"background-color"
						],
						".claro .dijitSelectMenu .dijitMenuItemHover td, .claro .dijitSelectMenu .dijitMenuItemSelected td, .claro .dijitMenuItemHover, .claro .dijitMenuItemSelected": [
							"background-color",
							"border-color"
						]
					},
					"defaults": {
						"cssPropery": {
							"background-color": "#B7DCFF",
							"border-color":  "#769dc0"
						}
					}
				},
				"Selected": {
					"selectors": {
						".claro .dijitAccordionInnerContainerSelected": [
							"background-color",
							"border-color" 
						]  
					},
					"defaults": {
						"cssPropery": {
							"background-color": "#cde8ff",
							"border-color":  "#92bce1"
						}
					}
				},
				"TextBoxNormal": {
					"selectors": {
						".claro .dijitSelect, .claro .dijitSelect .dijitButtonContents, .claro .dijitTextBox, .claro .dijitTextBox .dijitButtonNode": [ 
							"border-color"
						],  
						".claro .dijitSelect, .claro .dijitTextBox": [
						  	"background-color" 
						] 
					},
					"defaults": {
						"cssPropery": {
							"background-color": "#f7fcff",
							"border-color":  "#b5bcc7"
						}
					}
				},
				"TextBoxFocus": {
					"selectors": {
						".claro .dijitTextBoxFocused" : [
							"background-color",
							"border-color"
						]  
					},
					"defaults": {
						"cssPropery": {
							"background-color": "#ffffff",
							"border-color":  "#769dc0"
						}
					}
				},
				"TextBoxHover": {
					"selectors": {
						".claro .dijitTextBoxHover" : [
							"background-color",
							"border-color"
						]  
					},
					"defaults": {
						"cssPropery": {
							"background-color": "#e9f4fe",
							"border-color":  "#769dc0"
						}
					}
				},
				"CalendarPreviousMonth": {
					"selectors": {
						".claro .dijitCalendarPreviousMonth .dijitCalendarDateLabel, .claro .dijitCalendarNextMonth .dijitCalendarDateLabel" : [
							"background-color",
							"border-color"
						]  
					},
					"defaults": {
						"cssPropery": {
							"background-color": "#ebf3f9",
							"border-color":  "#d2dae8"
						}
					}
				},
				"CalendarSelectedDate": {
					"selectors": {
						".claro .dijitCalendarSelectedDate .dijitCalendarDateLabel" : [
							"background-color",
							"border-color"
						]  
					},
					"defaults": {
						"cssPropery": {
							"background-color": "#e7f4ff",
							"border-color":  "#accfed"
						}
					}
				},
				"CalendarHoverDate": {
					"selectors": {
						".claro .dijitCalendarHoveredDate .dijitCalendarDateLabel, .claro .dijitCalendarEnabledDate:hover .dijitCalendarDateLabel" : [
							"background-color",
							"border-color"
						]  
					},
					"defaults": {
						"cssPropery": {
							"background-color": "#abd4fb",
							"border-color":  "#729dc2"
						}
					}
				},
				"CalendarDayLabelTemplate": {
					"selectors": {
						".claro .dijitCalendarDayLabelTemplate" : [
							"border-color"
						]  
					},
					"defaults": {
						"cssPropery": {
							"border-color":  "#99b5cd"
						}
					}
				},
				"CalendarDateTemplate": {
					"selectors": {
						".claro .dijitCalendarDateTemplate" : [
							"border-color"
						]  
					},
					"defaults": {
						"cssPropery": {
							"border-color":  "#dadde1"
						}
					}
				}
			}
		},
		        
        "AccordionContainer": {
            "displayName": "AccordionContainer" ,
			"startState": "Selected",
			"rootSelectors":[".claro .dijitAccordionContainer"],
            "states": {
                "Normal": {
					"selectors": {
						".claro .dijitAccordionContainer": [
							"background-color",
							"border-width",
							"border-style",
							"border-color",
							"padding-top",
							"padding-right",
							"padding-bottom",
							"padding-left",
							"margin-top",
							"margin-right",
							"margin-left",
							"margin-bottom",
							"max-height",
							"max-width",
							"min-height",
							"min-width",
							"height",
							"width",
							"position"
							
						]								
					},
					"query": "" 
				} 
            },
            "subwidgets": {
				"AccordionContentPane": {
            		"states": {
                        "Normal": {
                        	"selectors": {
                        		".claro .dijitAccordionContainer .dijitAccordionContainer-child": [
                            		"background-color",
									"padding",
									"padding-top",
									"padding-right",
									"padding-bottom",
									"padding-left" 
                            	],
                            	".claro .dijitAccordionContainer .dijitAccordionChildWrapper": [
									"border-color",
									"border-style",
									"border-width",
									"margin-top",
									"margin-right",
									"margin-bottom",
									"margin-left",
									"margin"
                            	] 
							},
                            "query": ".dijitAccordionContainer-child"
                        },
                        "Hover": {
                            "selectors": {
                            	".claro .dijitAccordionInnerContainerSelectedHover .dijitAccordionChildWrapper, .claro .dijitAccordionInnerContainerSelectedActive .dijitAccordionChildWrapper": [
									"border-color",
									"border-style",
									"border-width",
                            	],
							},
                            "query": ".dijitAccordionInnerContainer",
							"simulate": "dijitSelectedHover dijitAccordionInnerContainerSelectedHover"
                        }
					}
            	},
            	"AccordionTitle": {
            		"states": {
                        "Normal": {
                            "selectors": {
								".claro .dijitAccordionInnerContainer": [
									"background-color",
									"border-width",
									"border-style",
									"border-color",
									"margin-top",
									"margin-right",
									"margin-left",
									"margin-bottom",
									"-webkit-transition-property",
									"-webkit-transition-duration",
									"-webkit-transition-timing-function",
									"border-radius", 
									"-moz-border-radius",
									"-webkit-border-radius"
								],
								".claro .dijitAccordionTitle": [
									"background-image",
									"background-position",
									"background-repeat",
									"padding-top",
									"padding-right",
									"padding-bottom",
									"padding-left",
									"min-height",
									"color",
									"font-weight",
									"font-style"
                            	]								
							},
                            "query": " ",
							"simulate": " "  
                        },
                        "Active": {
                        	"selectors": {
                        		".claro .dijitAccordionInnerContainerActive": [
                            		"border-color",
									"border-style",
									"border-width",
									"background-color",
									"-webkit-transition-duration"
                            	],
								".claro .dijitAccordionInnerContainerActive .dijitAccordionTitle": [
                            		"background-position",
									"color"
                            	] 								
							},
                            "query": ".dijitAccordionInnerContainer",
							"simulate": "dijitActive dijitAccordionInnerContainerActive" 
                        },
						"Hover": {
                            "selectors": {
                            	".claro .dijitAccordionInnerContainerHover, .claro .dijitAccordionInnerContainerSelectedActive": [
                            		"border-color",
									"border-style",
									"border-width",
									"background-color",
									"-webkit-transition-duration"
                            	],
								".claro .dijitAccordionInnerContainerHover .dijitAccordionTitle": [
									"color"
								]								
							},
                            "query": ".dijitAccordionInnerContainer",
							"simulate": "dijitHover dijitAccordionInnerContainerHover" 
                        },
                         "Selected": {
                            "selectors": {
                            	".claro .dijitAccordionInnerContainerSelected":[
                            		"background-color",
									"border-color",
									"border-color",
									"border-style",
									"border-width" 
                            	],
								".claro .dijitAccordionInnerContainerSelected .dijitAccordionTitle": [
                            		"color",
									"background-position"
                            	]								
							},
                            "query": ".dijitAccordionInnerContainer",
							"simulate": "dijitSelected dijitAccordionInnerContainerSelected" 
                        }
					}
            	}			
            } 
        },
		"BorderContainer": {
            "displayName": "BorderContainer",
            "rootSelectors":[".claro .dijitBorderContainer"],
            "states": {
                "Normal": {
					"selectors": {
						".claro .dijitBorderContainer": [
							"position",
							"border-width",
							"border-color",
							"borer-style",
							"padding-top",
							"pagging-right",
							"padding-bottom",
							"padding-left",
							"background-color",
							"margin-bottom",
							"margin-left",
							"margin-right",
							"margin-top",
							"max-height",
							"max-width",
							"min-height",
							"min-width",
							"height",
							"width"
						],
						".claro .dijitSplitContainer-child, .claro .dijitBorderContainer-child": [
							"border-width",
							"border-color",
							"borer-style"
						],
						".claro .dijitSplitterV, .claro .dijitGutterV": [
							"width",
							 "background",
							 "border",
							 "border-color",
							 "border-style",
							 "border-width",
							 "margin"
						],
						".claro .dijitSplitterH, .claro .dijitGutterH ": [
							"height",
							"background",
							 "border",
							 "border-color",
							 "border-style",
							 "border-width"
						]
					},
					"query": " "				
				},
				"Hover":{
					"selectors": {
						".claro .dijitSplitterHHover, .claro .dijitSplitterVHover": [
							"background-color",
							"font-size",
						],
						".claro .dijitSplitterHHover": [
							"background-image"
						],
						".claro .dijitSplitterVHover": [
							"background-image"
						]
					},
					"query": ".dijitSplitterH",
					"simulate": "dijitHover dijitSplitterHHover" 
				},
				"Active":{
					"selectors": {
						".claro .dijitSplitterHActive, .claro .dijitSplitterVActive": [
							"background-color",
							"font-size",
							"background-image"
						]
					},
					"query": ".dijitSplitterH",
					"simulate": "dijitActive dijitSplitterHActive" 
				}
            },
            "subwidgets": {
                "ContentPane": {
                    "states": {
                        "Normal": { 
							"selectors": {
                        		".claro .dijitSplitContainer-dijitContentPane, .claro .dijitBorderContainer-dijitContentPane": [
                            		"$std_10" 
                            	] 
							},
                            "query": ""
                        }
                        
                    } 
                }
			}
        },
        "Button": {
            "displayName": "Button",
            "states": {
                "Normal": {
                	"elements":{ 
                     	"$root": [ 
							"font-size",
							"font-weight",
							"position", 
							"opacity",
							"float",
							"z-index"
                 		]
                    },
					"selectors": {
						".claro .dijitButton .dijitButtonNode, .claro .dijitDropDownButton .dijitButtonNode, .claro .dijitComboButton .dijitButtonNode, .claro .dijitToggleButton .dijitButtonNode" : [
							"border-width",
							"border",
							"border-style",
							"border-color",
							"padding",
							"padding-top",
							"padding-right",
							"padding-bottom",
							"padding-left",
							"background-image",
							"background-position",
							"background-repeat",
							"background-color",
							"border-radius",
							"-moz-border-radius",
							"-webkit-border-radius",
							"box-shadow:",
							"-webkit-box-shadow",
							"-moz-box-shadow",
							"color",
							"font-family",
							"font-size",
							"font-weight",
							"width",
							"height",
							"max-height",
							"max-width",
							"min-height",
							"min-width"
						],
						".claro .dijitButtonText": [
							"padding-top",
							"padding-bottom",
							"padding-left",
							"padding-right",
							"text-align",
							"text-decoration"
						]
                    },
                    "query": ".dijitButton",
					"simulate": "dijitButton"
                },
                "Active": {
                	"selectors": {
						".claro .dijitButtonActive .dijitButtonNode, .claro .dijitDropDownButtonActive .dijitButtonNode, .claro .dijitComboButtonActive .dijitButtonNode, .claro .dijitToggleButtonActive .dijitButtonNode, .claro .dijitToggleButtonChecked .dijitButtonNode" : [
							"border-width",
							"border-style",
							"border-color",
							"padding-top",
							"padding-right",
							"padding-bottom",
							"padding-left",
							"background-image",
							"background-position",
							"background-repeat",
							"background-color",
							"border-radius",
							"-moz-border-radius",
							"-webkit-border-radius",
							"box-shadow:",
							"-webkit-box-shadow",
							"-moz-box-shadow",
							"color",
							"font-family",
							"font-size",
							"font-weight",
							"-webkit-transition-duration" 
						] 
                    },
                    "query": ".dijitButton",
                    "simulate": "dijitActive dijitButtonActive"
                },
                "Hover": {
                	"selectors": {
						".claro .dijitButtonHover .dijitButtonNode, .claro .dijitDropDownButtonHover .dijitButtonNode, .claro .dijitComboButton .dijitButtonNodeHover, .claro .dijitComboButton .dijitDownArrowButtonHover, .claro .dijitToggleButtonHover .dijitButtonNode" : [
							"border-width",
							"border-style",
							"border-color",
							"padding-top",
							"padding-right",
							"padding-bottom",
							"padding-left",
							"background-image",
							"background-position",
							"background-repeat",
							"background-color",
							"border-radius",
							"-moz-border-radius",
							"-webkit-border-radius",
							"box-shadow:",
							"-webkit-box-shadow",
							"-moz-box-shadow",
							"color",
							"font-family",
							"font-size",
							"font-weight",
							"-webkit-transition-duration" 
						] 
                     },
                     "query": ".dijitButton",
                     "simulate": "dijitHover dijitButtonHover"
                },
                "Disabled": {
					"selectors": {
						".claro .dijitButtonDisabled .dijitButtonNode, .claro .dijitDropDownButtonDisabled .dijitButtonNode, .claro .dijitComboButtonDisabled .dijitButtonNode, .claro .dijitToggleButtonDisabled .dijitButtonNode":[
							"border-width",
							"border-style",
							"border-color",
							"padding-top",
							"padding-right",
							"padding-bottom",
							"padding-left",
							"background-position",
							"background-repeat",
							"background-color",
							"border-radius",
							"-moz-border-radius",
							"-webkit-border-radius",
							"box-shadow:",
							"-webkit-box-shadow",
							"-moz-box-shadow",
							"-webkit-transition-duration",
							"color",
							"font-family",
							"font-size",
							"font-weight",
							"background-image",
							"outline"
						]
                    },
                    "query": ".dijitButton",
                    "simulate": "dijitDisabled dijitButtonDisabled"
                    
                },

				"Selected": {
				/* Button does not have a Selected state, we duplicated the Normal state here to provide 
				 * consistancey and facilate Global widget style changing
				 */
					"selectors": {
						".claro .dijitButton .dijitButtonNode, .claro .dijitDropDownButton .dijitButtonNode, .claro .dijitComboButton .dijitButtonNode, .claro .dijitToggleButton .dijitButtonNode" : [
							"border-width",
							"border-style",
							"border-color",
							"padding-top",
							"padding-right",
							"padding-bottom",
							"padding-left",
							"background-image",
							"background-position",
							"background-repeat",
							"background-color",
							"border-radius",
							"-moz-border-radius",
							"-webkit-border-radius",
							"box-shadow:",
							"-webkit-box-shadow",
							"-moz-box-shadow",
							"color",
							"font-family",
							"font-size",
							"font-weight"
						],
						".claro .dijitButtonText": [
							"padding-top",
							"padding-bottom",
							"padding-left",
							"padding-right",
							"text-align",
							"text-decoration"
						]
                    },
                    "query": ".dijitButton",
					"simulate": " " /* this blank prevents the removal of the base css class from the dom node */
                }
            }
        },
        
        "Calendar": {
            "displayName": "Calendar" ,
            "rootSelectors":[".claro .dijitCalendar"],
            "states": {
                "Normal": { 
                	"elements":{ 
                     	"$root": [ 
                     		"height",
							"width",
							"position"							
                 		]
                    },
                	"selectors": {
                                ".claro .dijitCalendar" : [
                                    "$std_10" 
                                ] 
                    }
                },
				"Hover": {
					"selectors": {
						".claro .dijitCalendarHover, .claro .dijitCalendarActive, .claro .dijitCalendar:hover" : [
	                            "background-color",
								"border-color"
	                        ]
                    },
                    "simulate": "dijitCalendarHover"
				}
            },
            "subwidgets": {
                "CalendarMonthLabel": {
                    "displayName": "$auto" ,
                    "states": {
                        "Normal": {
                            "selectors": {
                                ".claro .dijitCalendarMonthLabel" : [
                                    "$std_10" 
                                ] 
                            },
                            "query": "" 
                        } 
                    } 
                },
                "CalendarMonthDropDownButton": {
                    "displayName": "$auto" ,
                    "states": {
                        "Normal": {
                            "selectors": {
                                ".claro .dijitCalendar .dijitDropDownButton .dijitButtonNode" : [
                                    "$std_10" 
                                ] 
                            },
                            "query": ".dijitCalendarMonthContainer .dijitDropDownButton" 
                        } 
                    } 
                },
                "PreviousMonthControl": {
                    "displayName": "$auto" ,
                    "states": {
                        "Normal": {
                            "selectors": {
                                ".claro .dijitCalendarIncrementControl" : [
                                	"width",
									"height",
									"background-image",
									"background-repeat",
									"background-position"
                                ] 
                            },
                            "query": ".dijitCalendarDecrease" 
                        },
						"Active": {
                            "selectors": {
                               ".claro .dijitCalendarArrowActive .dijitCalendarDecrease, .claro .dijitCalendarArrow:active .dijitCalendarDecrease": [
									"background-position",
									"width",
									"height",
									"background-image",
									"background-repeat",
									"background-position"
								]
							},
                            "query": ".dijitCalendarArrow:first-child",
							"simulate": "dijitCalendarArrowActive"
                        },
						"Hover": {
                            "selectors": {
                               ".claro .dijitCalendarArrowHover .dijitCalendarDecrease, .claro .dijitCalendarArrow:hover .dijitCalendarDecrease": [
									"background-position",
									"width",
									"height",
									"background-image",
									"background-repeat",
									"background-position"
								]
							},
                            "query": ".dijitCalendarArrow:first-child",
							"simulate": "dijitCalendarArrowHover"
                        }						
                    } 
                },
                "NextMonthControl": {
                    "displayName": "$auto" ,
                    "states": {
                        "Normal": {
                            "selectors": {
                                ".claro .dijitCalendarIncrease" : [
                                	"width",
									"height",
									"background-image",
									"background-repeat",
									"background-position"
                                ] 
                            },
                            "query": ".dijitCalendarIncrease" 
                        },
						"Active": {
                            "selectors": {
                               ".claro .dijitCalendarArrowActive .dijitCalendarIncrease, .claro .dijitCalendarArrow:active .dijitCalendarIncrease": [
									"background-position",
									"width",
									"height",
									"background-image",
									"background-repeat",
									"background-position"
								]
							},
                            "query": ".dijitCalendarArrow:last-child",
							"simulate": "dijitCalendarArrowActive"
                        },
						"Hover": {
                            "selectors": {
                               ".claro .dijitCalendarArrowHover .dijitCalendarIncrease, .claro .dijitCalendarArrow:hover .dijitCalendarIncrease": [
									"background-position",
									"width",
									"height",
									"background-image",
									"background-repeat",
									"background-position"
								]
							},
                            "query": ".dijitCalendarArrow:last-child",
							"simulate": "dijitCalendarArrowHover"
                        }						
                    } 
                },
                "CalendarDayLabel": {
                    "displayName": "$auto" ,
                    "states": {
                        "Normal": {
                            "selectors": {
                                ".claro .dijitCalendarDayLabelTemplate" : [
                                    "$std_10" 
                                ] 
                            },
                            "query": "" 
                        } 
                    } 
                },
				"CalendarDateTemplate": {
                    "displayName": "$auto" ,
                    "states": {
                        "Normal": {
                            "selectors": {
                                ".claro .dijitCalendarDateTemplate" : [
                                    "$std_10" 
                                ] 
                            },
                            "query": "" 
                        } 
                    } 
                },
				"CalendarContainer": {
                    "displayName": "$auto" ,
                    "states": {
                        "Normal": {
                            "selectors": {
                                ".claro .dijitCalendarDateTemplate .dijitCalendarDateLabel" : [
                                    "$std_10" 
                                ] 
                            },
                            "query": ".dijitCalendarCurrentMonth.dijitCalendarDateTemplate" 
                        },
                        "Hover": {
                            "selectors": {
                                ".claro .dijitCalendarHoveredDate .dijitCalendarDateLabel, .claro .dijitCalendarEnabledDate:hover .dijitCalendarDateLabe1" : [
                                    "$std_10" 
                                ] 
                            },
                            "query": ".dijitCalendarCurrentMonth.dijitCalendarDateTemplate",
                            "simulate": "dijitCalendarHoveredDate"
                        } 
                    } 
                },
                "SelectedDate": {
                    "displayName": "$auto" ,
                    "states": {
                        "Normal": {
                            "selectors": {
                                ".claro .dijitCalendarSelectedDate .dijitCalendarDateLabel" : [
                                    "$std_10" 
                                ] 
                            },
                            "query": ".dijitCalendarSelectedDate" 
                        } 
                    } 
                },
                "Previous/NextMonth": {
                    "displayName": "Previous/NextMonth" ,
                    "states": {
                        "Normal": {
                            "selectors": {
                                ".claro .dijitCalendarPreviousMonth .dijitCalendarDateLabel, .claro .dijitCalendarNextMonth .dijitCalendarDateLabel" : [
                                    "$std_10" 
                                ] 
                            },
                            "query": ".dijitCalendarPreviousMonth, .dijitCalendarNextMonth"  
                        } 
                    } 
                },
                "CalendarYearContainer": {
                    "states": {
                        "Normal": {
                        } 
                    } 
                },
                "CalendarPreviousYear": {
                    "displayName": "PreviousYear/NextYear",
                    "states": {
                        "Normal": {
                        } 
                    } 
                },
                "CalendarSelectedYear": {
                    "states": {
                        "Normal": {
                        } 
                    } 
                } 
            } 
        },
        
        "CheckBox": {
            "displayName": "CheckBox" ,
            "rootSelectors":[".claro .dijitCheckBox, .claro .dijitToggleButton .dijitCheckBoxIcon"],
            "states": {
                "Normal": { 
                	"selectors": {
						".claro .dijitCheckBox, .claro .dijitToggleButton .dijitCheckBoxIcon" : [
							"$std_10" 
						] 
					}
                 },
                "Disabled": {},
                "Hover": {},
				"Selected": {
					"selectors": {
						".claro .dijitCheckBoxChecked, .claro .dijitToggleButtonChecked .dijitCheckBoxIcon" : [
							"$std_10" 
						] 
					},
					"query": ".dijitCheckBox",
					"simulate": "dijitCheckBoxChecked"
				},
                "SelectedDisabled": {
					"selectors": {
						".claro .dijitCheckBoxCheckedDisabled" : [
							"$std_10" 
						] 
					},
					"query": ".dijitCheckBox",
					"simulate": "dijitCheckBoxCheckedDisabled"
				},
                "SelectedHover": {
					"selectors": {
						".claro .dijitCheckBoxCheckedHover" : [
							"$std_10" 
						] 
					},
					"query": ".dijitCheckBox",
					"simulate": "dijitCheckBoxCheckedHover"
				}
             } 
        },
         
        "ComboBox": {
            "displayName": "ComboBox" ,
            "rootSelectors":[".claro .dijitComboBox .dijitButtonNode"],
            "states": {
                "Normal": {
                 	"selectors": {
                                ".claro .dijitComboBox .dijitButtonNode" : [
                                    "$std_10" 
                                ] 
                     },
                     "query": "",
                     "simulate": "dijitComboBox"
                }
             },
             "subwidgets": {
             	"ArrowButton": {
					"displayName": "ArrowButton" ,
					"states": {
						"Normal": {
							"selectors": {
										".claro .dijitArrowButtonInner" : [
											"$std_10" 
										] 
							 },
							 "query": ""
						}
					 }	
				}
			}
        },
        
        "ContentPane": {
            "displayName": "ContentPane" ,
            "rootSelectors":[".claro .dijitContentPane"],
            "states": {
                "Normal": {  }
             } 
        },
		
		"Menu": {
            "displayName": "Menu" ,
            "rootSelectors":[".claro .dijitMenu"],
            "states": {
                "Normal": {
					"selectors": {
						".claro .dijitMenuTable": [
							"border-collapse",
							"border-spacing",
							"padding"
						],
						".claro .dijitMenu": [
							"background-color",
							"background-repeat",
							"border",
							"border-color",
							"border-style",
							"border-width",
							"margin",
							"position"
						]
					},
					"query": "$auto"
				},
				"Selected": {
					/* this is here to active the correct select look during simulation */
					"selectors": {
						
					},
					"query": ".dijitMenu",
					"simulate": "dijitMenuActive"
				}
            },
			"subwidgets": {
                "MenuItem": {
                    "states": {
                       "Normal": {
							"selectors": {
								".claro .dijitMenuItem": [
									"background-image",
									"background-position",
									"background-repeat",
									"background-color",
									"color",
									"font-style",
									"font-family",
									"font-size",
									"font-weight",
									"border",
									"border-style",
									"border-width",
									"border-color" 
								],
								".claro .dijitMenuItem td": [
									"padding"
								],
								".claro td.dijitMenuItemLabel": [
									"padding-top",
									"padding-bottom"
								]								
							},
							"query": "$auto" 
						},
						"Disabled": {
							"selectors": {
								".dijitMenuItemDisabled *": [
									"opacity",
									"cursor"
								]
							},
							"query": "$auto",
                     		"simulate": "dijitDisabled dijitMenuItemDisabled"
						
						},
						"Hover": {
							"selectors": {
								".claro .dijitSelectMenu .dijitMenuItemHover td, .claro .dijitSelectMenu .dijitMenuItemSelected td, .claro .dijitMenuItemHover, .claro .dijitMenuItemSelected": [
									"background-color",
									"background-image",
									"background-position",
									"border",
									"border-style",
									"border-width",
									"border-color",
									"color",
									"padding" 
								]
							},
							"query": "$auto",
                     		"simulate": "dijitHover dijitMenuItemHover"
						
						}								
					} 
				},
				"CheckedMenuItemIcon": {
                    "states": {
                       "Normal": {
							"selectors": {
								".claro .dijitCheckedMenuItemIcon": [
									"background-image",
									"background-position",
									"background-repeat",
									"background-color",
									"width",
									"height"
								]								
							},
							"query": ".dijitCheckedMenuItemIcon" 
						},
						"Selected": {
							"selectors": {
								".claro .dijitCheckedMenuItemChecked .dijitCheckedMenuItemIcon": [
									"background-image",
									"background-position",
									"background-repeat",
									"background-color",
									"width",
									"height"
	 
								]
							},
							"query": ".CheckedMenuItemLocator" ,
                     		"simulate": "dijitCheckedMenuItemChecked"
						
						}								
					} 
				},
				"PopUpMenuItemIcon": {
                    "states": {
                       "Normal": {
							"selectors": {
								".claro .dijitMenuExpand": [
									"width",
									"height",
									"background-image",
									"background-position",
									"margin-right"
								] 
							},
							"query": ".themeEditorLocator .dijitMenuExpand" 
						}								
					} 
				},
				"MenuSeparator": {
                    "states": {
                       "Normal": {
							"selectors": {
								".claro .dijitMenuSeparatorTop": [
									"border-bottom",
									"border-bottom-color",
									"border-bottom-style",
									"border-bottom-width",
									"height",
									"margin-top"
								],
								".claro .dijitMenuSeparatorBottom": [
									"height",
									"margin-bottom"
								]
							},
							"query": ".dijitMenuSeparator" 
						}								
					} 
				}
			} 
        },
        
        /* This only applies to Tab Container with tab at top of container. */
        "TabContainer": { 
            "displayName": "TabContainer" ,
            "rootSelectors":[".dijitTabContainer"],
            "states": {
                "Normal": {
                            "selectors": {
                            	".dijitTabContainer": [
									"background-color",
									"border-width",
									"border-style",
                                    "border-color",
									"padding-top",
									"padding-right",
									"padding-bottom",
									"padding-left",
									"margin-top",
									"margin-right",
									"margin-left",
									"margin-bottom",
									"max-height",
									"max-width",
									"min-height",
									"min-width",
									"height",
									"width",
									"position"
									
                                ]								
                            },
                            "query": "" 
                        }  
            },
            "subwidgets": {
                "Tab": {
                	"startState": "Selected",
                    "states": {
                        "Normal": {
                            "selectors": {
                           		 ".claro .dijitTab" : [
                                	"border",
                                	"border-color",
                                	"border-width",
                                	"border-style",
									"background-color",
									"-webkit-transition-property",
									"-moz-transition-property",
									"transition-property",
									"-webkit-transition-duration",
									"-moz-transition-duration",
									"transition-duration",									
									"color",
									"font-style",
									"font-family",
									"font-size",
									"font-weigth"
                                ],
								".claro .dijitTabContainerTop-tabs .dijitTab": [
									"padding",
									"padding-top",
									"padding-right",
									"padding-bottom",
									"padding-left",
									"border-bottom",
									"border-radius",
									"-moz-border-radius",
									"-webkit-border-top-left-radius",
									"-webkit-border-top-right-radius",
									"min-width",
									"text-align",
									"background-image",
									"background-position",
									"background-repeat",
									"box-shadow", 
									"-webkit-box-shadow", 
									"-moz-box-shadow", 
									"border-radius", 
									"-moz-border-radius", 
									"-webkit-border-top-left-radius",
									"-webkit-border-top-right-radius"
								],
								".claro .dijitTabContainerTop-tabs, .claro .dijitTabContainerBottom-tabs, .claro .dijitTabContainerLeft-tabs, .claro .dijitTabContainerRight-tabs": [
									"border-width",
									"border-style",
                                    "border-color",
                                    "border"
								],
								".claro .dijitTabPaneWrapper, .claro .dijitTabContainerTop-tabs, .claro .dijitTabContainerBottom-tabs, .claro .dijitTabContainerLeft-tabs, .claro .dijitTabContainerRight-tabs": [
									"border-width",
									"border-style",
                                    "border-color"
								]
								
                            },
                            "query": "div.dijitTabContainerTop-tabs > div",
							"simulate": " "
                        },
						"Active": {
                            "selectors": {
                                ".claro .dijitTabActive": [
                                    "background-color",
									"color",
									"font-style",
									"font-family",
									"font-size",
									"font-weight",
									"-webkit-transition-duration",
									"border-color"
								]
							},
                            "query": "div.dijitTabContainerTop-tabs > div",
							"simulate": "dijitActive dijitTabActive"
                        },
                        "Selected": {
                            "selectors": {
                                ".claro .dijitTabChecked": [
                                    "background-color",
									"color",
									"font-style",
									"font-family",
									"font-size",
									"font-weight",
									"border-color"
                                ],
								".claro .dijitTabContainerTop-tabs .dijitTabChecked": [
									"padding-bottom",
									"padding-top",
									"background-image",
									"background-position",
									"background-repeat",
									"box-shadow",
									"-webkit-box-shadow",
									"-moz-box-shadow"
								]
							},
                            "query": "div.dijitTabContainerTop-tabs > div",
							"simulate": "dijitChecked dijitTabChecked"							
                        },
                        "Hover": {
                            "selectors": {
                                ".claro .dijitTabHover" : [
                                    "background-color",
                                    "border-color",
									"-webkit-transition-duration",
									"color",
									"font-style",
									"font-family",
									"font-size",
									"font-weight"
                                ] 
                            },
                            "query": "div.dijitTabContainerTop-tabs > div",
							"simulate": "dijitHover dijitTabHover"							
                        }
                    } 
                },
                "TabStrip": {
					"states": {
						"Normal": {
							"selectors": {
								".claro .dijitTabContainerTop-tabs .dijitTab": [
									"top",
									"margin-right",
									"margin-bottom",
									"padding-top"
									
								]
							},
							"query": ".dijitTabContainerTop-tabs" 
						}  
					}
				},
				"TabContentPane": {
					"states": {
						"Normal": {
							"selectors": {
								".claro .dijitTabPaneWrapper, .claro .dijitTabContainerTop-tabs, .claro .dijitTabContainerBottom-tabs, .claro .dijitTabContainerLeft-tabs, .claro .dijitTabContainerRight-tabs": [
									/*"display",*/
									"overflow",
									"position",
									/*"background-color",*/
									"border-width",
									"border-style",
                                    "border-color"
									/*"padding",*/
									/*"margin"*/
								],
								".claro .dijitTabContainerTop-dijitContentPane, .claro .dijitTabContainerLeft-dijitContentPane, .claro .dijitTabContainerBottom-dijitContentPane, .claro .dijitTabContainerRight-dijitContentPane, .claro .dijitAccordionContainer-dijitContentPane": [
									"background-color", 
									"padding",
									"font-family",
									"color",
									"font-style",
									"font-family",
									"font-size",
									"font-weight"
								]
								
							},
							"query": ".dijitTabPaneWrapper" 
						}  
					}
				}
            } 
        },
        
        "TextBox": {
            "displayName": "TextBox" ,
            "rootSelectors":[".claro .dijitSelect, .claro .dijitSelect .dijitButtonContents, .claro .dijitTextBox, .claro .dijitTextBox .dijitButtonNode"],
            "states": {
                "Normal": {
                	"elements":{ 
                     	"$root": [ 
                     		"position",
							"background-color",
							"background-image",
							"border", 
							"width",
							"height" 
                 		]
                    },
                    "selectors": {
                   	 ".claro .dijitTextBox, .claro .dijitInputInner": [
							"color",
							"font-family",
							"font-size",
							"font-style",
							"font-weight",
							"font",
							"text-decoration",
							"text-align",
							"vertical-align",
							"white-space",
							"text-indent",
							"line-height"
						],
						".claro .dijitSelectLabel, .claro .dijitTextBox .dijitInputInner, .claro .dijitValidationTextBox .dijitValidationContainer": [
							"text-align",
							"padding",
							"padding-right",
							"padding-top",
							"padding-left",
							"padding-bottom"
						],						
						".claro .dijitSelect, .claro .dijitSelect .dijitButtonContents, .claro .dijitTextBox, .claro .dijitTextBox .dijitButtonNode": [
							"border-color",
  							"-webkit-transition-property",
  							"-moz-transition-property",
  							"transition-property",
  							"-webkit-transition-duration",
  							"-moz-transition-duration",
  							"transition-duration",
  							"z-index"			
						],
						".claro .dijitSelect, .claro .dijitTextBox": [
						  	"background-color" 
						] 

					},
                    "query": "$auto" 
                },
                "Selected": {
                    "selectors": {
						".claro .dijitTextBoxFocused": [
							"$std_10" 
						],
						".claro .dijitTextBoxFocused .dijitInputContainer": [
							"background",
							"background-color",
							"text-align",
							"padding",
							"padding-right",
							"padding-top",
							"padding-left",
							"padding-bottom",
							"color"
						]
					},
                    "query": ".dijit.dijitReset.dijitLeft.dijitTextBox",
					"simulate": "dijitTextBoxFocused"
                },
                "Hover": {
                	 "selectors": {
						".claro .dijitTextBoxHover": [
							"$std_10" 
						]

					}
                },
                "Disabled":{
                	"selectors": {
						".dijitTextBoxReadOnly, .dijitTextBoxDisabled": [
							"$std_10" 
						]

					}
                }
                
            } 
        },
         "TitlePane": {
            "displayName": "TitlePane" ,
            "rootSelectors":[".claro .dijitTitlePane"],
            "states": {
                "Normal": {
                	"elements":{ 
                     	"$root": [ 
							"height",
							"width",
							"position" 
                 		]
                    },
					"selectors": {
						".dijitTitlePane": [
							"background-color",
							"border-width",
							"border-style",
							"border-color",
							"padding-top",
							"padding-right",
							"padding-bottom",
							"padding-left",
							"margin-top",
							"margin-right",
							"margin-left",
							"margin-bottom",
							"max-height",
							"max-width",
							"min-height",
							"min-width",
							"height",
							"width"
							
						]								
					},
					"query": "" 
				}
            },
			"subwidgets": {
                "TitlePaneTitle": {
                    "states": {
						"Normal": {
							"selectors": {
								".claro .dijitTitlePaneTitle": [
									"background-color",
									"background-image",
									"background-repeat",
									"border-width",
									"border-style",
									"border-color",
									"padding-top",
									"padding-right",
									"padding-bottom",
									"padding-left",
									"min-height",
									"color",
									"margin-top",
									"margin-right",
									"margin-left",
									"margin-bottom",
									"text-decoration",
									"font-family",
									"font-size",
									"font-style",
									"font-weight",
									"border-radius", 
									"-moz-border-radius",
									"-webkit-border-radius"
									
								],
								".claro .dijitTitlePaneTextNode": [
									"margin-left",
									"margin-right",
									"vertical-align"
								]
							},
							"query": ".dijitTitlePaneTitle",
							"simulate": " "
						},                        
                        "Active":{
							"selectors": {
								".claro .dijitTitlePaneTitleActive": [
									"background-color",
									"border-color",
									"background-position",
									"color",
									"text-decoration",
									"font-family",
									"font-size",
									"font-style",
									"font-weight"
								]
							},
							"query": ".dijitTitlePaneTitle",
							"simulate": "dijitActive dijitTitlePaneTitleActive"
						},
						"Hover":{
							"selectors": {
								".claro .dijitTitlePaneTitleHover": [
									"background-color",
									"border-color",
									"color",
									"text-decoration",
									"font-family",
									"font-size",
									"font-style",
									"font-weight"									
								]
							},
							"query": ".dijitTitlePaneTitle",
							"simulate": "dijitHover dijitTitlePaneTitleHover"
						},
						"Open":{
							"selectors": {
								".claro .dijitTitlePane .dijitArrowNode": [
									"background-image",
									"background-repeat",
									"height",
									"width"								
								],
								".claro .dijitTitlePane .dijitOpen .dijitArrowNode":[
									"background-position"
								]
							},
							"query": ".dijitTitlePaneTitle",
							"simulate": "dijitOpen"
						},
						"Close":{
							"selectors": {
								".claro .dijitTitlePane .dijitClosed .dijitArrowNode": [
									"background-position",
									"background-image",
									"background-repeat",
									"height",
									"width"									
								]
							},
							"query": ".dijitTitlePaneTitle",
							"simulate": "dijitClosed"
						}
                    } 
                },

                "TitlePaneContent": {
                    "states": {
                        "Normal": {
							"selectors": {
								".claro .dijitTitlePaneContentOuter": [
									"background-color",
									"border-width",
									"border-style",
									"border-color",
									"border-top",
									"border-radius", 
									"-moz-border-radius",
									"-webkit-border-radius"
								],
								".claro .dijitTitlePaneContentInner": [
									"padding",
									"text-decoration",
									"color",
									"font-family",
									"font-size",
									"font-style",
									"font-weight"
								]
							},
							"query": ".dijitTitlePaneContentInner",
							"simulate": " "
						}
                    } 
                }
            } 
        },
		
        "Toolbar": {
            "displayName": "Toolbar",
            "rootSelectors":[".claro .dijitToolbar"],
            "states": {
                "Normal": {
                }
                
            },
            "subwidgets": {
                "Button": {
                    "states": {
                       "Normal": {
							"selectors": {
								".claro .dijitToolbar .dijitButton .dijitButtonNode, .claro .dijitToolbar .dijitDropDownButton .dijitButtonNode, .claro .dijitToolbar .dijitComboButton .dijitButtonNode, .claro .dijitToolbar .dijitToggleButton .dijitButtonNode, .claro .dijitToolbar .dijitComboBox .dijitButtonNode": [
									"$std_10" 
								] 
							},
							"query": "$auto" 
						},
						"Active": {
							"selectors": {
								".claro .dijitToolbar .dijitButtonActive .dijitButtonNode, .claro .dijitToolbar .dijitDropDownButtonActive .dijitButtonNode, .claro .dijitToolbar .dijitToggleButtonActive .dijitButtonNode": [
									"$std_10" 
								] 
							},
							"query": "$auto",
							"simulate": "dijitActive dijitButtonActive"
						},
						"Hover": {
							"selectors": {
								".claro .dijitToolbar .dijitButtonHover .dijitButtonNode, .claro .dijitToolbar .dijitDropDownButtonHover .dijitButtonNode, .claro .dijitToolbar .dijitToggleButtonHover .dijitButtonNode, .claro .dijitToolbar .dijitComboButtonHover .dijitButtonNode": [
									"$std_10" 
								]
							},
							"query": "$auto",
                     		"simulate": "dijitHover dijitButtonHover"
						
						}								
					} 
				}
			}
        },
        "Dialog": {
            "displayName": "Dialog",
            "rootSelectors":[".claro .dijitDialog"],
            "states": {
                "Normal": {
                }
            },
            "subwidgets": {
                "DialogTitle": {
                    "states": {
                        "Normal": {
                            "selectors": {
                                ".claro .dijitDialogTitleBar": [
                                    "background-color",
                                    "border-top-width",
                                    "border-top-style",
                                    "border-top-color",
                                    "border-radius", 
                                    "-moz-border-radius",
                                    "-webkit-border-radius",
                                    "padding",
                                    "text-decoration",
                                    "color",
                                    "font-family",
                                    "font-size",
                                    "font-style",
                                    "font-weight"
                                ]
                            },
                            "query": ".dijitDialogTitleBar",
                            "simulate": " "
                        }
                    }
                },
                "DialogPaneContent": {
                    "states": {
                        "Normal": {
                            "selectors": {
                                ".claro .dijitDialogPaneContent": [
                                    "background-color",
                                    "border-width",
                                    "border-style",
                                    "border-color",
                                    "border-top",
                                    "border-radius", 
                                    "-moz-border-radius",
                                    "-webkit-border-radius",
                                    "padding",
                                    "text-decoration",
                                    "color",
                                    "font-family",
                                    "font-size",
                                    "font-style",
                                    "font-weight"
                                ]
                            },
                            "query": ".dijitDialogPaneContent",
                            "simulate": " "
                        }
                    }
                },
                "DialogPaneActionBar": {
                    "states": {
                        "Normal": {
                            "selectors": {
                                ".claro .dijitDialogPaneActionBar": [
                                    "background-color",
                                    "border-width",
                                    "border-style",
                                    "border-color",
                                    "border-top",
                                    "border-radius", 
                                    "-moz-border-radius",
                                    "-webkit-border-radius",
                                    "padding",
                                    "text-decoration",
                                    "color",
                                    "font-family",
                                    "font-size",
                                    "font-style",
                                    "font-weight"
                                ]
                            },
                            "query": ".dijitDialogPaneActionBar",
                            "simulate": " "
                        }
                    }
                }
            }
        },
        "Tooltip": {
            "displayName": "Tooltip",
            "rootSelectors":[".claro .dijitTooltipContainer"],
            "states": {
                "Normal": {
					"selectors": {
						".claro .dijitTooltipContainer": [
							"background-color",
							"background-image",
							"background-position",
							"background-repeat",
							"border-width",
							"border-style",
							"border-color",
							"border",
							"border-radius", 
							"-moz-border-radius",
							"-webkit-border-radius",
							"-moz-box-shadow",
							"-webkit-box-shadow",
							"box-shadow",
							"padding",
							"text-decoration",
							"color",
							"font-family",
							"font-size",
							"font-style",
							"font-weight"
						]
					}
                }
            },
            "subwidgets": {
                "TooltipConnector": {
                    "states": {
                        "Normal": {
                            "selectors": {
                                ".claro .dijitTooltipConnector": [
                                    "background-color",
									"background-image",
									"background-repeat",
									"height",
									"width",
									"z-index",
                                    "border-width",
                                    "border-style",
                                    "border-color"
                                ]
                            },
                            "query": ".dijitTooltipConnector",
                            "simulate": " "
                        }
                    }
                }
			}
		}
    }
}